max_depth,accuracy
None,1.0
1,0.9219653179190751
2,0.9624277456647399
3,1.0
4,1.0
5,1.0
6,1.0
7,1.0
