max_depth,accuracy
None,0.7704918032786885
1,0.8032786885245902
2,0.819672131147541
3,0.8852459016393442
4,0.8688524590163934
5,0.8360655737704918
6,0.819672131147541
7,0.7704918032786885
